keyword,video_id,title,channel_title,video_url,published_at,year,category_id,category_name,video_type,view_count,like_count,comment_count,month
南海トラフ シミュレーション,-PPE72_n48M,【東日本大震災】国家存亡の危機180秒映像！地震津波の瞬間・原発事故！,NowNetNews,https://www.youtube.com/watch?v=-PPE72_n48M,2012-05-04 05:24:51+00:00,2012,25,News & Politics,Other,22080283,85314,17536,2012-05
南海トラフ シミュレーション,SLbbUvDFM3s,巨大な壁のように迫って来る津波　東日本大震災2011.3.11 #shorts #short,ウェザーニュース　スタディ,https://www.youtube.com/watch?v=SLbbUvDFM3s,2023-06-10 13:45:16+00:00,2023,25,News & Politics,Other,20715291,204845,3874,2023-06
南海トラフ シミュレーション,oRHtF4EzrE4,【震度再現】東日本大震災がいかにヤバかったかわかる動画（南海トラフシミュレーション付き）,クライシスTV,https://www.youtube.com/watch?v=oRHtF4EzrE4,2020-02-14 12:45:01+00:00,2020,27,Education,Other,8203917,27578,4247,2020-02
南海トラフ シミュレーション,ha5IbfDNx_o,南海トラフ地震対策啓発ドラマ「その日、その時・・・」,高知県,https://www.youtube.com/watch?v=ha5IbfDNx_o,2017-04-20 01:42:18+00:00,2017,19,Travel & Events,Other,6647478,0,0,2017-04
南海トラフ シミュレーション,73gxXPZS1n4,【災害体験】千葉県災害VR（津波編）,千葉県公式PRチャンネル,https://www.youtube.com/watch?v=73gxXPZS1n4,2022-08-16 00:18:53+00:00,2022,29,Nonprofits & Activism,Other,6361403,31916,0,2022-08
南海トラフ シミュレーション,_8p--80Eh-M,【南海トラフ】最新技術で「見える化」 内陸にも到達する“河川津波”【かんさい情報ネットten.特集/ゲキ追X】,読売テレビニュース,https://www.youtube.com/watch?v=_8p--80Eh-M,2022-03-11 11:19:59+00:00,2022,25,News & Politics,Other,5797124,17393,1500,2022-03
南海トラフ シミュレーション,D9AWtvK_44k,【漫画】南海トラフ大地震が起こるとどうなるのか？【マンガ動画】,フェルミ研究所,https://www.youtube.com/watch?v=D9AWtvK_44k,2019-04-19 11:00:00+00:00,2019,24,Entertainment,Other,5759791,47680,7764,2019-04
南海トラフ シミュレーション,JeEkFqNw_yE,【全記録】過去に発生した南海トラフ巨大地震を全て集めてみた（684年〜2020年）,クライシスTV,https://www.youtube.com/watch?v=JeEkFqNw_yE,2020-06-12 12:45:00+00:00,2020,27,Education,Other,5639603,21322,2714,2020-06
南海トラフ シミュレーション,oNkh3KCxxAQ,南海トラフで最も危険な7つの県 #南海トラフ #南海トラフ地震 #南海トラフ巨大地震 #南海トラフ予測 #津波 #備え #防災 #地震対策 #防災グッズ #備蓄 #地震,たるるの資産防衛,https://www.youtube.com/watch?v=oNkh3KCxxAQ,2024-08-09 08:15:01+00:00,2024,27,Education,Other,5552550,56010,1323,2024-08
南海トラフ シミュレーション,fkg7zxMi8uw,｢急に地面に落とし穴が…」巨大地震で想定される“液状化現象”の恐怖 疑似体験できる施設でリアルに分かった危険性 #shorts,東海テレビ ニュースONE,https://www.youtube.com/watch?v=fkg7zxMi8uw,2025-03-19 08:51:59+00:00,2025,25,News & Politics,Other,7065675,89305,0,2025-03
南海トラフ シミュレーション,DqUIG9VB3vY,🌊津波の高さ比較🌊 実際にあった超巨大津波たち,メタボールスタジオ,https://www.youtube.com/watch?v=DqUIG9VB3vY,2024-04-05 10:00:11+00:00,2024,24,Entertainment,Other,4763503,20268,750,2024-04
南海トラフ シミュレーション,K5bYG3Z-8Jc,【想定】南海トラフ巨大地震（地震シミュレーション）最悪クラスM9.1／震度7・大津波／解説付き #みん防,みんなで創る防災・減災,https://www.youtube.com/watch?v=K5bYG3Z-8Jc,2024-08-10 01:16:39+00:00,2024,29,Nonprofits & Activism,Other,4745362,46475,4357,2024-08
南海トラフ シミュレーション,hYfKm7nE9ms,今移住しろ！災害が少ない県TOP3　#災害 #地震 #南海トラフ #備蓄品 #料理 #雑学 #備蓄,たるるの資産防衛,https://www.youtube.com/watch?v=hYfKm7nE9ms,2024-07-18 09:50:00+00:00,2024,27,Education,Other,4692911,31152,1742,2024-07
南海トラフ シミュレーション,lUuZWrl8LlM,【日本壊滅】南海トラフ巨大地震が発生するとどうなるのか？,VAIENCE バイエンス,https://www.youtube.com/watch?v=lUuZWrl8LlM,2021-03-18 10:07:37+00:00,2021,27,Education,Other,3996743,26655,1917,2021-03
南海トラフ シミュレーション,YK7aGBsEKWU,【完全版】南海トラフ地震どうなる？どうする？時間差で起こりうる次の地震への備え,内閣府防災,https://www.youtube.com/watch?v=YK7aGBsEKWU,2020-03-23 11:01:44+00:00,2020,22,People & Blogs,Other,3920521,21944,0,2020-03
南海トラフ シミュレーション,OaraOYMIles,【高橋弘樹vs京大名誉教授】完全解説！迫る南海トラフ・首都直下型地震・富士山噴火...国民半分が被災？国家機能は停止し300兆円の損失？安全な都市とは...【ReHacQvs鎌田浩毅】,ReHacQ−リハック−【公式】,https://www.youtube.com/watch?v=OaraOYMIles,2026-03-10 11:00:26+00:00,2026,24,Entertainment,Other,3751759,31957,2440,2026-03
南海トラフ シミュレーション,Vcy4yk1L_qg,南海トラフ巨大地震　～そのとき何が起こるのか？～,N17,https://www.youtube.com/watch?v=Vcy4yk1L_qg,2016-09-28 18:02:19+00:00,2016,22,People & Blogs,Other,3219599,8116,2327,2016-09
南海トラフ シミュレーション,QNrEA0ypjCc,南海トラフって何処にあるの？プレートの断面を模型で観察して見た！ #南海トラフ #地震 #プレート #地層 #科学館へ行こう #地震の科学館,台湾 NCU 重力波物理研究室,https://www.youtube.com/watch?v=QNrEA0ypjCc,2024-08-10 22:00:13+00:00,2024,28,Science & Technology,Other,4341172,56260,862,2024-08
南海トラフ シミュレーション,9AoNHt5PDOQ,南海トラフ巨大地震が、東日本大震災より強く揺れる理由,Takahashi Suzuki（防災 看護師）,https://www.youtube.com/watch?v=9AoNHt5PDOQ,2023-03-04 09:30:02+00:00,2023,27,Education,Other,2950620,33129,0,2023-03
南海トラフ シミュレーション,3UN43oGa1O4,東日本大震災発生当時　津波は太平洋をどこまで進んだのか?　#shorts#short,ウェザーニュース　スタディ,https://www.youtube.com/watch?v=3UN43oGa1O4,2023-09-18 04:37:50+00:00,2023,25,News & Politics,Other,4015749,47677,1002,2023-09
南海トラフ シミュレーション,xBEJvfHIjZk,【津波の高さ比較】南海トラフの34mがいかにヤバいか分かる動画,クライシスTV,https://www.youtube.com/watch?v=xBEJvfHIjZk,2019-07-26 09:36:53+00:00,2019,27,Education,Other,2770944,14911,2171,2019-07
南海トラフ シミュレーション,BiqZkij-ah0,【過去100年間】震度6弱以上の揺れを一度も観測したことがない都道府県は？ #みん防,みんなで創る防災・減災,https://www.youtube.com/watch?v=BiqZkij-ah0,2025-05-10 08:00:31+00:00,2025,29,Nonprofits & Activism,Other,4435118,37125,1420,2025-05
南海トラフ シミュレーション,Cqa-skpgVEI,超高層ビル、南海トラフ地震の3.8倍で倒壊　初の実験,朝日新聞,https://www.youtube.com/watch?v=Cqa-skpgVEI,2013-12-12 06:29:30+00:00,2013,28,Science & Technology,Other,2462223,10682,1254,2013-12
南海トラフ シミュレーション,NoPSKYoRYAc,【超衝撃】怖すぎて眠れなくなる地震の話,VAIENCE バイエンス,https://www.youtube.com/watch?v=NoPSKYoRYAc,2024-01-13 10:03:10+00:00,2024,27,Education,Other,2448597,16421,934,2024-01
南海トラフ シミュレーション,_NJr7QMRxFk,【M9.1】南海トラフ巨大地震の震度シミュレーションがヤバすぎる,クライシスTV,https://www.youtube.com/watch?v=_NJr7QMRxFk,2020-03-20 11:20:01+00:00,2020,27,Education,Other,2373987,8051,1683,2020-03
南海トラフ シミュレーション,owoAea-795A,今すぐ移住しろ！災害が少ない県TOP3#災害 #地震 #南海トラフ,ねっとり速報【2ch政治・ニュース反応集】,https://www.youtube.com/watch?v=owoAea-795A,2024-06-11 09:00:46+00:00,2024,22,People & Blogs,Other,2376576,29919,1105,2024-06
南海トラフ シミュレーション,bY5VAf7jmr0,南海トラフ巨大地震シミュレーション（最悪クラスM9.1）,クライシスTV,https://www.youtube.com/watch?v=bY5VAf7jmr0,2020-01-25 12:45:02+00:00,2020,27,Education,Other,2210095,10217,2345,2020-01
南海トラフ シミュレーション,-OFPyu_4UTc,【全5ケース】南海トラフ巨大地震 津波到達シミュレーション,クライシスTV,https://www.youtube.com/watch?v=-OFPyu_4UTc,2020-02-01 12:45:00+00:00,2020,27,Education,Other,2120171,9280,1927,2020-02
南海トラフ シミュレーション,0MRFukA0-Z0,南海トラフが来た時（予測）,R地理系😁,https://www.youtube.com/watch?v=0MRFukA0-Z0,2024-01-29 06:44:47+00:00,2024,22,People & Blogs,Other,2108519,30404,3215,2024-01
南海トラフ シミュレーション,Is3zKmS9IuE,2025年7月に『南海トラフ巨大地震』が起こるドッキリで妹が一生のトラウマになった。地下シェルター生活,桐崎栄二.きりざきえいじ,https://www.youtube.com/watch?v=Is3zKmS9IuE,2025-07-19 09:46:19+00:00,2025,23,Comedy,Other,2024738,11870,1748,2025-07
南海トラフ シミュレーション,LV4lE9QIQ04,【鎌田浩毅の緊急解説】収録中に「令和8年熊本地震」発生…10年前の地震は終わっていない？／南海トラフ地震・富士山噴火との関係／「直下型地震」増加に備えよ《鎌田浩毅・京都大学名誉教授×えいしゅう博士》,楽待 RAKUMACHI,https://www.youtube.com/watch?v=LV4lE9QIQ04,2026-07-28 13:12:22+00:00,2026,25,News & Politics,Other,2050882,32925,1556,2026-07
南海トラフ シミュレーション,vuZpzqptuJU,（シミュレーション）今までに発生した大地震＋南海トラフ地震＋北朝鮮ミサイルがほぼ同時におこったら,ランサブ,https://www.youtube.com/watch?v=vuZpzqptuJU,2024-02-11 07:56:35+00:00,2024,22,People & Blogs,Other,1980481,18268,3969,2024-02
南海トラフ シミュレーション,UR-CUwU_oXg,［暫定版］南海トラフ地震どうなる？どうする？時間差で起こりうる地震への備え,内閣府防災,https://www.youtube.com/watch?v=UR-CUwU_oXg,2019-11-25 03:16:58+00:00,2019,22,People & Blogs,Other,1953924,9993,1977,2019-11
南海トラフ シミュレーション,2UStD2r5oHc,その日は突然やってくる＿。#初投稿 #創作 #津波 #南海トラフ #地震,おおちゃみ ,https://www.youtube.com/watch?v=2UStD2r5oHc,2025-02-18 13:38:08+00:00,2025,22,People & Blogs,Other,2297931,77157,1193,2025-02
南海トラフ シミュレーション,JfoEAiKBIpI,【ひろゆき】南海トラフ巨大地震 日本は終わる？コレはやめとけ #shorts,ひろゆき衝撃切り抜きチャンネル,https://www.youtube.com/watch?v=JfoEAiKBIpI,2022-05-12 05:00:08+00:00,2022,25,News & Politics,Other,2494189,26004,893,2022-05
南海トラフ シミュレーション,K3axgsTmVSs,『地震』逃げろ！！南海トラフ危険県ランキングTOP10＋生き残る地域10選 #ランキング #地震 #津波,何でもランキング,https://www.youtube.com/watch?v=K3axgsTmVSs,2023-08-15 02:00:08+00:00,2023,24,Entertainment,Other,1893163,7970,1267,2023-08
南海トラフ シミュレーション,4RDYMR5AXUs,富士山噴火シミュレーション「前回宝永噴火から300年 いつ噴火してもおかしくない」 #みん防,みんなで創る防災・減災,https://www.youtube.com/watch?v=4RDYMR5AXUs,2025-03-01 12:30:32+00:00,2025,29,Nonprofits & Activism,Other,1830157,14541,925,2025-03
南海トラフ シミュレーション,XKO7jUQD9ZE,【重要】発生確率90％。AIが考えた南海トラフ大地震。もし40m級の津波がきたらどうする？ 日本人は現実を受け入れるしかない。【AIシミュレーション】,ジオトリ,https://www.youtube.com/watch?v=XKO7jUQD9ZE,2024-01-31 01:24:57+00:00,2024,22,People & Blogs,Other,1793833,10512,792,2024-01
南海トラフ シミュレーション,5dOGm8dfunc,【マグニチュード比較】南海トラフと世界最大の地震が想像以上のヤバさだった,クライシスTV,https://www.youtube.com/watch?v=5dOGm8dfunc,2023-02-17 12:20:00+00:00,2023,27,Education,Other,1748820,10704,1170,2023-02
南海トラフ シミュレーション,YSpRDWuGbT8,【危険】南海トラフの津波到達時間が怖すぎる.... #地震,アシタクル,https://www.youtube.com/watch?v=YSpRDWuGbT8,2023-10-01 13:00:23+00:00,2023,22,People & Blogs,Other,1709205,31489,786,2023-10
南海トラフ シミュレーション,ijBxED8YLFg,【史上最悪】300年前の南海トラフ巨大地震を再現してみたら…,クライシスTV,https://www.youtube.com/watch?v=ijBxED8YLFg,2020-06-26 13:09:33+00:00,2020,27,Education,Other,1667183,6635,890,2020-06
南海トラフ シミュレーション,TzLMCo9MCQo,【衝撃】南海トラフと世界最大の地震を比較してみた(マグニチュード比較),クライシスTV,https://www.youtube.com/watch?v=TzLMCo9MCQo,2019-07-07 10:12:24+00:00,2019,27,Education,Other,1651670,5806,763,2019-07
南海トラフ シミュレーション,QU5cRIXBoUc,【南海トラフ】都道府県別の最大津波高は？,みんなで創る防災・減災,https://www.youtube.com/watch?v=QU5cRIXBoUc,2024-08-15 08:01:06+00:00,2024,29,Nonprofits & Activism,Other,2741103,25389,1156,2024-08
南海トラフ シミュレーション,YVrjdAQ8VcQ,【新被害想定】もしも今、南海トラフ巨大地震が起きたら？「迫りくる2つの危機」／地震シミュレーション  #みん防,みんなで創る防災・減災,https://www.youtube.com/watch?v=YVrjdAQ8VcQ,2025-07-04 10:13:25+00:00,2025,29,Nonprofits & Activism,Other,1596844,13173,1037,2025-07
南海トラフ シミュレーション,VToKSPrkkzc,南海トラフM9巨大地震の津波シミュレーション(C04),地震・津波研究室,https://www.youtube.com/watch?v=VToKSPrkkzc,2021-10-12 02:11:48+00:00,2021,22,People & Blogs,Other,1520122,2584,331,2021-10
南海トラフ シミュレーション,w1ZZ19yIe08,2025年に南海トラフ地震を起こすかもしれない〇〇,サクトシ【サクッと都市伝説】,https://www.youtube.com/watch?v=w1ZZ19yIe08,2024-12-31 09:00:59+00:00,2024,22,People & Blogs,Other,1543968,32070,1076,2024-12
南海トラフ シミュレーション,QL9TSOsmZ9s,「南海トラフ巨大地震」シミュレーション （フール版） Nankai trough earthquake simulation (Full Edition) Japanese subscene,NamiPlus,https://www.youtube.com/watch?v=QL9TSOsmZ9s,2018-09-12 14:45:39+00:00,2018,22,People & Blogs,Other,1381458,3036,1506,2018-09
南海トラフ シミュレーション,XcbcTMuNaJI,【マイクラ】南海トラフ地震の津波はマイクラでどれいくらい？ #shorts,カレカ,https://www.youtube.com/watch?v=XcbcTMuNaJI,2026-04-22 09:30:32+00:00,2026,20,Gaming,Other,2292343,53964,986,2026-04
南海トラフ シミュレーション,aBRK5QkgP34,その日は突然やってくる＿。#地震 #津波 #東日本大震災  #南海トラフ #創作 #漫画 #earthquake #tsunami,おおちゃみ ,https://www.youtube.com/watch?v=aBRK5QkgP34,2025-03-11 12:37:17+00:00,2025,22,People & Blogs,Other,1702605,53657,939,2025-03
南海トラフ シミュレーション,0m3A7xDoBj4,【全部見せ】日本で想定されている海溝型の巨大地震 #みん防,みんなで創る防災・減災,https://www.youtube.com/watch?v=0m3A7xDoBj4,2025-02-16 03:00:03+00:00,2025,29,Nonprofits & Activism,Other,2127893,18556,420,2025-02
緊急地震速報 シミュレーション,GFUZaVAWS_w,【シミュレーション】インデペンデンス・デイ (ID4)【第二次人類独立戦争 宇宙人襲撃】Independence Day - Simulation,幸せ牧場 CountryBredJedi,https://www.youtube.com/watch?v=GFUZaVAWS_w,2016-04-10 06:55:14+00:00,2016,1,Film & Animation,Other,3392781,19827,4530,2016-04
緊急地震速報 シミュレーション,r643oAAHtOU,直径約400kmクラスの巨大隕石落下するときの臨時放送【NHK】#地球崩壊#人類及び生物全滅,防災減災1ch,https://www.youtube.com/watch?v=r643oAAHtOU,2020-01-25 11:22:01+00:00,2020,22,People & Blogs,Other,3184922,24359,7904,2020-01
緊急地震速報 シミュレーション,R8oGQ4xmapg,【60秒解説】世界の巨大地震トップ3 #Shorts,みんなで創る防災・減災,https://www.youtube.com/watch?v=R8oGQ4xmapg,2022-02-23 02:00:14+00:00,2022,22,People & Blogs,Other,3887516,36173,581,2022-02
緊急地震速報 シミュレーション,kCieFrFAZk4,緊急地震速報24時間放送　リアルタイム地震ビューアー,ランサブ,https://www.youtube.com/watch?v=kCieFrFAZk4,2024-09-09 09:38:06+00:00,2024,23,Comedy,Other,2090792,4072,0,2024-09
緊急地震速報 シミュレーション,R3psSEMN5Go,緊急地震速報＃shorts,O ICHIRO7,https://www.youtube.com/watch?v=R3psSEMN5Go,2024-01-09 10:14:07+00:00,2024,22,People & Blogs,Other,2698713,23658,394,2024-01
緊急地震速報 シミュレーション,bt0t2D2JbZk,【発生から100年】1923年関東大震災（地震シミュレーション）関東などで震度7～大津波警報／解説付き,みんなで創る防災・減災,https://www.youtube.com/watch?v=bt0t2D2JbZk,2023-08-27 08:00:13+00:00,2023,29,Nonprofits & Activism,Other,1693987,15690,1253,2023-08
緊急地震速報 シミュレーション,aIEv8HFsS5E,10分以上揺れ続けた 関東大震災  /  地震波到達シミュレーション  /  緊急地震速報、津波警報、NHKニュース、首都直下地震,Takahashi Suzuki（防災 看護師）,https://www.youtube.com/watch?v=aIEv8HFsS5E,2019-09-01 02:30:14+00:00,2019,27,Education,Other,1659191,0,870,2019-09
緊急地震速報 シミュレーション,EsueOoj2NjE,【想定】千島海溝超巨大地震 ―切迫する“最大クラス”の衝撃と全貌―（地震シミュレーション） #みん防,みんなで創る防災・減災,https://www.youtube.com/watch?v=EsueOoj2NjE,2025-12-06 03:00:03+00:00,2025,29,Nonprofits & Activism,Other,1397599,15543,2046,2025-12
緊急地震速報 シミュレーション,p0XXUPRjN1U,【M9.1】南海トラフ巨大地震が起きたら…,みんなで創る防災・減災,https://www.youtube.com/watch?v=p0XXUPRjN1U,2024-08-10 07:00:23+00:00,2024,29,Nonprofits & Activism,Other,1879043,17003,302,2024-08
緊急地震速報 シミュレーション,OuZ0O71Lw24,【南海トラフ地震】緊急地震速報---大津波警報（sm17649172）,nnd5300,https://www.youtube.com/watch?v=OuZ0O71Lw24,2012-05-08 06:26:36+00:00,2012,25,News & Politics,Other,1331519,2500,780,2012-05
緊急地震速報 シミュレーション,em6GvxaKr1w,【超巨大地震】マグニチュード10の地震が発生したら起こること3選／#みん防,みんなで創る防災・減災,https://www.youtube.com/watch?v=em6GvxaKr1w,2024-11-19 08:00:25+00:00,2024,29,Nonprofits & Activism,Other,2313808,21711,550,2024-11
緊急地震速報 シミュレーション,dXv5u2GELHA,【8000キロ先で死者】東日本大震災の巨大津波が海外にも到達 #みん防,みんなで創る防災・減災,https://www.youtube.com/watch?v=dXv5u2GELHA,2026-01-28 08:00:46+00:00,2026,29,Nonprofits & Activism,Other,2729959,17667,301,2026-01
緊急地震速報 シミュレーション,AjlbQiUkDU4,【南海トラフ巨大地震】（日本語版）,内閣府防災,https://www.youtube.com/watch?v=AjlbQiUkDU4,2026-03-26 02:00:15+00:00,2026,29,Nonprofits & Activism,Other,1319061,0,1028,2026-03
緊急地震速報 シミュレーション,B1AuYYrEVsM,【南海トラフ巨大地震】都道府県別の最大震度は？ 10府県で震度7が想定 #みん防,みんなで創る防災・減災,https://www.youtube.com/watch?v=B1AuYYrEVsM,2025-09-06 09:45:09+00:00,2025,29,Nonprofits & Activism,Other,3237767,14961,629,2025-09
緊急地震速報 シミュレーション,KZN5xmYGUc0,【日向灘・南海トラフ巨大地震】シミュレーション（NHK 緊急地震速報 大津波警報 震度7）2012想定,Takahashi Suzuki（防災 看護師）,https://www.youtube.com/watch?v=KZN5xmYGUc0,2021-08-30 12:00:15+00:00,2021,27,Education,Other,1142487,0,690,2021-08
緊急地震速報 シミュレーション,_Mocx5ACQBA,南海トラフ巨大地震 震度シミュレーション,クライシスTV,https://www.youtube.com/watch?v=_Mocx5ACQBA,2019-07-12 12:08:46+00:00,2019,27,Education,Other,1004488,4131,962,2019-07
緊急地震速報 シミュレーション,YQlQfPMcbeM,【誤報】本当にあった緊急地震速報 3選,みんなで創る防災・減災,https://www.youtube.com/watch?v=YQlQfPMcbeM,2024-08-30 07:46:04+00:00,2024,29,Nonprofits & Activism,Other,1380934,17575,305,2024-08
緊急地震速報 シミュレーション,y3LoL5GcVqs,気象庁が発表した南海トラフシュミレーションが恐ろしすぎる,アシタクル,https://www.youtube.com/watch?v=y3LoL5GcVqs,2023-09-23 10:32:19+00:00,2023,22,People & Blogs,Other,983292,20408,960,2023-09
緊急地震速報 シミュレーション,g4cQw-dD__I,もし千島〜マリアナ海溝まで連動して地震が発生したら,防災減災1ch,https://www.youtube.com/watch?v=g4cQw-dD__I,2020-04-25 11:05:54+00:00,2020,22,People & Blogs,Other,956210,6524,1936,2020-04
緊急地震速報 シミュレーション,wyJN08R3PWM,【シミュレーション】貞子＆伽椰子 襲撃！(；ﾟДﾟ)【リング＆呪怨】 Attack of Sadako & Kayako Simulation,幸せ牧場 CountryBredJedi,https://www.youtube.com/watch?v=wyJN08R3PWM,2023-04-30 11:13:15+00:00,2023,22,People & Blogs,Other,918373,14009,1271,2023-04
緊急地震速報 シミュレーション,-lNLQXlG3As,【南海トラフ地震】都道府県別想定◯亡者数 #地震 #南海トラフ #ハザードマップ #shorts,日本リスクマップ,https://www.youtube.com/watch?v=-lNLQXlG3As,2024-08-17 02:45:59+00:00,2024,22,People & Blogs,Other,1305233,16872,1123,2024-08
緊急地震速報 シミュレーション,yqNsD-vJcAs,ライブ中、会場内のスマートフォンから緊急地震速報が一斉に鳴った場面です。#地震 #地震速報 #緊急地震速報 #奈良県 #大阪 #earthquake   #ペンフレンドクラブ #バンド #ライブ,The Pen Friend Club,https://www.youtube.com/watch?v=yqNsD-vJcAs,2026-05-03 23:14:59+00:00,2026,10,Music,Other,1361585,4156,74,2026-05
緊急地震速報 シミュレーション,m9y6UFlbzak,【約80年前】前回の南海トラフ地震は？,みんなで創る防災・減災,https://www.youtube.com/watch?v=m9y6UFlbzak,2024-08-22 08:19:35+00:00,2024,29,Nonprofits & Activism,Other,1276209,10093,212,2024-08
緊急地震速報 シミュレーション,kCaQ9e6Rd8w,東日本大震災 発生時から翌朝まで NHK報道まとめ,7272take 3rd,https://www.youtube.com/watch?v=kCaQ9e6Rd8w,2025-10-04 10:01:15+00:00,2025,25,News & Politics,Other,779449,8163,732,2025-10
緊急地震速報 シミュレーション,BmCli6glFz4,【再現】関東大震災が発生したら...,みんなで創る防災・減災,https://www.youtube.com/watch?v=BmCli6glFz4,2024-08-31 07:00:54+00:00,2024,29,Nonprofits & Activism,Other,962228,10170,166,2024-08
緊急地震速報 シミュレーション,tJxpbE_x_fQ,【大阪直下地震】あまり知られていない大阪の大地震リスク／震度7で死者1万人超か,みんなで創る防災・減災,https://www.youtube.com/watch?v=tJxpbE_x_fQ,2024-11-10 11:00:31+00:00,2024,29,Nonprofits & Activism,Other,1014354,14281,485,2024-11
緊急地震速報 シミュレーション,JbDQeHKb3z4,（地震シミュレーション）スーパー南海トラフ地震 M9.6,ランサブ,https://www.youtube.com/watch?v=JbDQeHKb3z4,2024-09-15 12:12:57+00:00,2024,27,Education,Other,719343,5644,829,2024-09
緊急地震速報 シミュレーション,9cVhaoO_7U8,【M8.7】東京などで震度7・巨大地震シミュレーション（相模トラフ巨大地震）,クライシスTV,https://www.youtube.com/watch?v=9cVhaoO_7U8,2020-02-07 12:45:00+00:00,2020,27,Education,Other,668186,3453,899,2020-02
緊急地震速報 シミュレーション,1emgUa6A2I0,【南海トラフ巨大地震】 地震波到達と最大震度の変遷シミュレーション 最新 / NHK緊急放送と防災行政無線・緊急地震速報 〜 大津波警報サイレン (4K 字幕対応),Takahashi Suzuki（防災 看護師）,https://www.youtube.com/watch?v=1emgUa6A2I0,2025-05-12 09:20:08+00:00,2025,27,Education,Other,645752,4330,287,2025-05
緊急地震速報 シミュレーション,0DUjLjp1umM,【東京で震度7】首都直下地震シミュレーション（被害が最も深刻なケース）,クライシスTV,https://www.youtube.com/watch?v=0DUjLjp1umM,2021-03-21 12:49:44+00:00,2021,27,Education,Other,635341,4145,439,2021-03
緊急地震速報 シミュレーション,3-LKebHG1_4,南海トラフ巨大地震シミュレーションがヤバすぎる【近い将来必ず起きる】 #shorts,クライシスTV,https://www.youtube.com/watch?v=3-LKebHG1_4,2026-08-03 12:20:37+00:00,2026,28,Science & Technology,Other,1585940,2212,336,2026-08
緊急地震速報 シミュレーション,8jNdJrjRmjo,You don't know the huge earthquake in Japan.  / M9.1 simulation / Japanese eas alarm,Takahashi Suzuki（防災 看護師）,https://www.youtube.com/watch?v=8jNdJrjRmjo,2019-05-07 14:00:00+00:00,2019,27,Education,Other,618563,0,369,2019-05
緊急地震速報 シミュレーション,JhcpDub4bHE,緊急地震速報 (再現シミュレーション) 宝永地震「南海トラフ巨大地震」,yu uti,https://www.youtube.com/watch?v=JhcpDub4bHE,2015-12-17 10:00:00+00:00,2015,25,News & Politics,Other,613973,1311,496,2015-12
緊急地震速報 シミュレーション,XHwsX0CmAXA,【想定】日本海溝巨大地震（地震シミュレーション）緊急地震速報～大津波警報～津波観測／解説付き,みんなで創る防災・減災,https://www.youtube.com/watch?v=XHwsX0CmAXA,2024-02-16 08:08:01+00:00,2024,29,Nonprofits & Activism,Other,564659,3279,241,2024-02
緊急地震速報 シミュレーション,b7qrBnpxCHg,福島県防災ＶＲ「地震・津波編」,PrefFukushima,https://www.youtube.com/watch?v=b7qrBnpxCHg,2026-01-23 01:00:51+00:00,2026,29,Nonprofits & Activism,Other,559121,2385,0,2026-01
緊急地震速報 シミュレーション,5R54oUJUjHM,【シミュレーション】熊本直下型地震【熊本地震】 Kumamoto Earthquake Simulation,幸せ牧場 CountryBredJedi,https://www.youtube.com/watch?v=5R54oUJUjHM,2014-03-25 08:45:10+00:00,2014,25,News & Politics,Other,541329,2306,665,2014-03
地震速報 シミュレーション,wLVhx_dRjeY,NHKの緊急放送チャイム3段階,nu3nu,https://www.youtube.com/watch?v=wLVhx_dRjeY,2008-06-01 14:48:09+00:00,2008,25,News & Politics,Other,19279500,114557,9270,2008-06
地震速報 シミュレーション,gD7oDypBci8,生放送中のスタジオに大きな揺れ・・・地震発生の瞬間(2021年10月7日),ANNnewsCH,https://www.youtube.com/watch?v=gD7oDypBci8,2021-10-07 15:40:11+00:00,2021,25,News & Politics,Other,10048589,44524,3521,2021-10
地震速報 シミュレーション,wkg-lY0M10I,震度計を利用して撮影した、地震発生時の東京タワーの揺れのイメージ・シミュレーション（震度３ ４ ５弱 ５強 ６弱 ６強 ７）〜 Earthquake Japanese seismic scale 〜,Takahashi Suzuki（防災 看護師）,https://www.youtube.com/watch?v=wkg-lY0M10I,2015-08-29 15:34:35+00:00,2015,28,Science & Technology,Other,2801202,0,0,2015-08
南海トラフ 緊急地震速報,HXGANE2pRrA,【最速】地震速報ライブ【自動読み上げ】＜緊急地震速報・地震情報・津波情報・雨雲レーダー＞,JDQ-地震情報,https://www.youtube.com/watch?v=HXGANE2pRrA,2022-02-18 09:08:50+00:00,2022,25,News & Politics,Other,19958506,21335,0,2022-02
南海トラフ 緊急地震速報,Bz_--eeekMw,Tokyo MER ～緊急地震速報により退避～ #tokyomer #東京mer #トモキチーフ,ムロトモキ,https://www.youtube.com/watch?v=Bz_--eeekMw,2023-05-29 09:00:11+00:00,2023,24,Entertainment,Other,7195699,147672,981,2023-05
南海トラフ 緊急地震速報,36d9iLy7tsc,【まさか】南海トラフ巨大地震で危険な場所ランキング,クライシスTV,https://www.youtube.com/watch?v=36d9iLy7tsc,2020-01-04 12:40:02+00:00,2020,27,Education,Other,6274640,15427,1858,2020-01
南海トラフ 緊急地震速報,dwSfJopSOeU,南海トラフが終わったらこのコメ欄に集まろうぜ！#shorts #short #いいね  #subscribe #shortpants  #テンプレート#南海トラフ,かもねくん🐱👑(2万人目標),https://www.youtube.com/watch?v=dwSfJopSOeU,2024-08-12 14:20:32+00:00,2024,22,People & Blogs,Other,6953543,139912,17514,2024-08
南海トラフ 緊急地震速報,I5_vUnu1GN4,【地震ライブ 公式】日本全国 緊急地震速報ライブ The Real-time Earthquake Alert Channel for Japan (Tokyo) since 2012,株式会社ティーファイブプロジェクト,https://www.youtube.com/watch?v=I5_vUnu1GN4,2026-08-18 06:17:22+00:00,2026,27,Education,Other,5081606,0,0,2026-08
南海トラフ 緊急地震速報,CxBAIrp9HEc,突然地震が来ました…南海トラフ気をつけてね,破天荒夫婦～嫁が破天荒過ぎて愛しい～,https://www.youtube.com/watch?v=CxBAIrp9HEc,2024-08-09 09:00:12+00:00,2024,24,Entertainment,Other,4160902,38464,444,2024-08
南海トラフ 緊急地震速報,8dyXyBJTfn0,【大災害】南海トラフ大地震発生。30mの津波が都市を飲み込む...死者32万人。,ヒューマンバグ大学_闇の漫画,https://www.youtube.com/watch?v=8dyXyBJTfn0,2020-03-27 09:30:00+00:00,2020,24,Entertainment,Other,2359349,23669,4211,2020-03
南海トラフ 緊急地震速報,QWySalrS7Jk,【8月14日】南海トラフ地震,だいまる,https://www.youtube.com/watch?v=QWySalrS7Jk,2024-08-09 21:00:28+00:00,2024,24,Entertainment,Other,2172421,61592,6772,2024-08
南海トラフ 緊急地震速報,BdR6K0yfpvQ,南海トラフ地震発生から5分後の日本,アシタクル,https://www.youtube.com/watch?v=BdR6K0yfpvQ,2024-03-04 11:11:21+00:00,2024,22,People & Blogs,Other,1802845,28666,1289,2024-03
南海トラフ 緊急地震速報,QVUWlOeDMts,南海トラフから命を守れ　【対策】【研究】最前線,読売テレビニュース,https://www.youtube.com/watch?v=QVUWlOeDMts,2021-03-03 08:30:01+00:00,2021,25,News & Politics,Other,1646261,6195,1139,2021-03
南海トラフ 緊急地震速報,WWr_TuOdyaQ,【超巨大南海トラフ地震】東日本大震災10倍の被害,にんにん教,https://www.youtube.com/watch?v=WWr_TuOdyaQ,2023-05-06 08:32:54+00:00,2023,27,Education,Other,1540669,24574,717,2023-05
南海トラフ 緊急地震速報,5XnDoXnXDJE,【5選】前兆があった大地震 立て続けに巨大地震が起きることも #みん防,みんなで創る防災・減災,https://www.youtube.com/watch?v=5XnDoXnXDJE,2025-08-05 08:50:26+00:00,2025,29,Nonprofits & Activism,Other,2486605,23096,395,2025-08
南海トラフ 緊急地震速報,1XlPXiOnVBs,“リアルな恐怖”南海トラフ起きたら・・・CG映像公開(16/09/28),ANNnewsCH,https://www.youtube.com/watch?v=1XlPXiOnVBs,2016-09-28 10:46:17+00:00,2016,25,News & Politics,Other,1200717,2417,0,2016-09
南海トラフ 緊急地震速報,SJ7ChrmSUhw,日本で想定されている巨大地震ランキング／最大M9.3,みんなで創る防災・減災,https://www.youtube.com/watch?v=SJ7ChrmSUhw,2024-08-21 08:42:27+00:00,2024,29,Nonprofits & Activism,Other,1303280,13132,195,2024-08
南海トラフ 緊急地震速報,XK440AvQG3E,⚠️南海トラフで危険な県ランキング⚠️TOP 4 #地震 #津波 #南海トラフ #震度7 #恐怖 #shorts,しょゆ野郎💩,https://www.youtube.com/watch?v=XK440AvQG3E,2023-05-06 02:35:54+00:00,2023,22,People & Blogs,Other,1272268,14813,3707,2023-05
南海トラフ 緊急地震速報,NaFI1i44ZU8,【緊急ライブ】南海トラフ 初の「巨大地震注意」を発表 別の大規模地震 想定震源域で起きる可能性「普段より高まる」宮崎県南部で震度6弱  (2024年8月8日) ANN/テレ朝,ANNnewsCH,https://www.youtube.com/watch?v=NaFI1i44ZU8,2024-08-08 12:11:31+00:00,2024,25,News & Politics,Other,1044869,3322,185,2024-08
南海トラフ 緊急地震速報,zCrim6jCMYI,【閲覧注意】7月5日予言の日に『南海トラフ巨大地震』が起こるドッキリで一生のトラウマになった。,ティアロ疾風伝,https://www.youtube.com/watch?v=zCrim6jCMYI,2025-07-05 10:01:42+00:00,2025,24,Entertainment,Other,1064250,7260,768,2025-07
南海トラフ巨大地震 シミュレーション,XNLC2M70ryA,【東日本大震災】巨大津波に飲まれた南三陸町防災対策庁舎 宮城 #みん防,みんなで創る防災・減災,https://www.youtube.com/watch?v=XNLC2M70ryA,2025-06-18 08:00:21+00:00,2025,29,Nonprofits & Activism,Other,5848532,39925,513,2025-06
南海トラフ巨大地震 シミュレーション,5KXAyF84zYk,【東京崩壊】首都直下地震が発生するとどうなるのか？,VAIENCE バイエンス,https://www.youtube.com/watch?v=5KXAyF84zYk,2021-06-13 10:01:00+00:00,2021,27,Education,Other,1364528,12922,778,2021-06
南海トラフ巨大地震 シミュレーション,N0lutsJJqPs,【南海トラフ地震】最大震度７・高さ30Mの津波が…大阪で13万人の命が。巨大地震が迫る！命をつなぐためには…,大阪NEWS【テレビ大阪ニュース】,https://www.youtube.com/watch?v=N0lutsJJqPs,2024-01-13 09:30:04+00:00,2024,25,News & Politics,Other,1258393,6515,663,2024-01
南海トラフ巨大地震 シミュレーション,NeV5OdoAolQ,㊗️120万回再生‼︎南海トラフよりも切迫している大地震がヤバい#都市伝説 #怖い話 #雑学,"ヒロの""都市伝説""",https://www.youtube.com/watch?v=NeV5OdoAolQ,2024-07-19 12:00:20+00:00,2024,24,Entertainment,Other,1247171,20833,349,2024-07
架空 緊急地震速報,y5BWakEdlXc,【⚠️閲覧注意】【緊急アラーム】【EAS ALARM】日本の色んな警報音をミスターインクレディブルで学ぶ　meme,Mr.兄貴,https://www.youtube.com/watch?v=y5BWakEdlXc,2022-08-23 10:00:35+00:00,2022,22,People & Blogs,Other,1798980,18552,1180,2022-08
架空 緊急地震速報,NWSIQgpCdyE,【閲覧注意】緊急地震速報赤テロップの音など、NHKの地震報道で使われる音を集めてみた,プロトチャンネル / 防災情報,https://www.youtube.com/watch?v=NWSIQgpCdyE,2019-02-24 08:48:17+00:00,2019,25,News & Politics,Other,1173898,7911,817,2019-02
架空 緊急地震速報,VHGdFUC49os,【首都圏呪怨大震災】19**年　呪殺に関する緊急警戒情報  ★警報音あり★,100円玉.,https://www.youtube.com/watch?v=VHGdFUC49os,2023-05-31 07:30:11+00:00,2023,24,Entertainment,Other,933365,11242,1028,2023-05
架空 緊急地震速報,C_iHrC_EO94,【警報音注意】緊急怒り速報,非葉公共テレビ公式チャンネル【架空放送局】,https://www.youtube.com/watch?v=C_iHrC_EO94,2023-04-14 15:30:02+00:00,2023,24,Entertainment,Other,552004,7833,599,2023-04
架空 緊急地震速報,fvC72HcUr9k,【EAS Scenario】もし日本が南北に分断されていたら「北日本の緊急地震警戒速報 編」【緊急地震速報】【創作】【シミュレーション】,幻想列島放送【創作・幻のCM】,https://www.youtube.com/watch?v=fvC72HcUr9k,2024-09-27 09:00:47+00:00,2024,24,Entertainment,Other,507896,4614,419,2024-09
架空 緊急地震速報,jj4U-_fFYCY,緊急地震速報を逆再生にしてみた,ばいばい,https://www.youtube.com/watch?v=jj4U-_fFYCY,2022-06-20 14:28:32+00:00,2022,22,People & Blogs,Other,632484,6345,176,2022-06
架空 緊急地震速報,z-h4LypCYjA,Jアラート・緊急地震速報シミュレーション：隕石落下,abver09,https://www.youtube.com/watch?v=z-h4LypCYjA,2021-08-23 16:54:08+00:00,2021,1,Film & Animation,Other,194238,1444,207,2021-08
架空 緊急地震速報,IxW-ekanexA,【想定】沖縄本島直下地震（地震シミュレーション）大地震が少ない沖縄県で震度6強／解説付き #みん防,みんなで創る防災・減災,https://www.youtube.com/watch?v=IxW-ekanexA,2025-03-15 03:59:59+00:00,2025,29,Nonprofits & Activism,Other,192920,1630,149,2025-03
架空 緊急地震速報,3hDotyP6fug,【想定】大久保断層地震（地震シミュレーション）群馬南部で震度7／解説付き,みんなで創る防災・減災,https://www.youtube.com/watch?v=3hDotyP6fug,2024-07-06 03:00:09+00:00,2024,29,Nonprofits & Activism,Other,187092,864,91,2024-07
架空 緊急地震速報,A1dafU9dk-w,（シミュレーション）奈良県の緊急地震速報誤報が本当に起こっていたら,ランサブ,https://www.youtube.com/watch?v=A1dafU9dk-w,2024-02-12 13:44:36+00:00,2024,22,People & Blogs,Other,173632,1809,211,2024-02
架空 緊急地震速報,S7fA13xNGiI,緊急地震速報の発報は地震の前か後か #地震 #緊急地震速報 #義務教育の敗北,バズネタつぶやき型めたん,https://www.youtube.com/watch?v=S7fA13xNGiI,2025-01-27 09:00:32+00:00,2025,22,People & Blogs,Other,184015,6853,360,2025-01
架空 緊急地震速報,m0FlUprzFqI,[架空警報]SCP571によるAK-クラス世界終焉シナリオ【EAS】,サメしゃーく,https://www.youtube.com/watch?v=m0FlUprzFqI,2020-07-27 08:31:24+00:00,2020,22,People & Blogs,Other,167056,1697,341,2020-07
架空 緊急地震速報,S1_d6ZDrdhk,【想定】サロベツ断層帯（地震シミュレーション）北海道で震度7／解説付き,みんなで創る防災・減災,https://www.youtube.com/watch?v=S1_d6ZDrdhk,2024-01-06 09:00:06+00:00,2024,29,Nonprofits & Activism,Other,136108,1053,113,2024-01
架空 緊急地震速報,6wJNDZqQ9Cg,【想定】山崎断層帯主部地震（地震シミュレーション）兵庫で震度6強／解説付き,みんなで創る防災・減災,https://www.youtube.com/watch?v=6wJNDZqQ9Cg,2024-09-14 03:15:30+00:00,2024,29,Nonprofits & Activism,Other,140121,616,98,2024-09
架空 緊急地震速報,FWsCUOPmalU,【想定】呉羽山断層帯地震（地震シミュレーション）富山県で震度7／解説付き,みんなで創る防災・減災,https://www.youtube.com/watch?v=FWsCUOPmalU,2024-04-12 08:30:01+00:00,2024,29,Nonprofits & Activism,Other,90132,655,95,2024-04
架空 緊急地震速報,C40ZW9p8Pro,【想定】宍道（鹿島）断層地震（地震シミュレーション）島根で震度7／解説付き,みんなで創る防災・減災,https://www.youtube.com/watch?v=C40ZW9p8Pro,2023-06-18 05:00:04+00:00,2023,29,Nonprofits & Activism,Other,74377,744,85,2023-06
架空 緊急地震速報,QXDUXpnO0JA,【想定】山形盆地断層帯地震（地震シミュレーション）山形村山で震度6強／解説付き,みんなで創る防災・減災,https://www.youtube.com/watch?v=QXDUXpnO0JA,2024-04-26 08:00:04+00:00,2024,29,Nonprofits & Activism,Other,63252,497,54,2024-04
架空 緊急地震速報,cFkksf49y3Q,【想定】福智山断層帯地震（地震シミュレーション）福岡で震度6強／解説付き,みんなで創る防災・減災,https://www.youtube.com/watch?v=cFkksf49y3Q,2024-03-15 08:26:36+00:00,2024,29,Nonprofits & Activism,Other,59042,485,44,2024-03
架空 緊急地震速報,01Pt1vXvEVw,【想定】糸魚川−静岡構造線断層帯地震（中南部区間）長野県中部で震度7／解説付き,みんなで創る防災・減災,https://www.youtube.com/watch?v=01Pt1vXvEVw,2024-06-29 03:21:00+00:00,2024,29,Nonprofits & Activism,Other,104087,388,43,2024-06
架空 緊急地震速報,C5WV0ORDiUg,色々な警報#警報 #大雨警報 #土砂災害警戒情報 #緊急地震速報 #大雪警報 #shorts,お寿司ガチ勢,https://www.youtube.com/watch?v=C5WV0ORDiUg,2024-10-11 09:00:10+00:00,2024,22,People & Blogs,Other,65257,549,51,2024-10
架空 緊急地震速報,9b0kvjbTNuM,架空ニュース：特域に巨大地震,abver09,https://www.youtube.com/watch?v=9b0kvjbTNuM,2022-07-19 04:38:30+00:00,2022,1,Film & Animation,Other,21289,160,6,2022-07
架空 緊急地震速報,7cRjI7NoeEQ,[架空]　押上テレビ　緊急警報放送　2009年,hironobu1995,https://www.youtube.com/watch?v=7cRjI7NoeEQ,2009-07-04 06:30:36+00:00,2009,24,Entertainment,Other,15298,32,3,2009-07
架空 緊急地震速報,3UAlpcdFQFA,しもつけ放送【架空放送局】　首都直下地震シュミレーション,マロニエテレビ【架空放送局】,https://www.youtube.com/watch?v=3UAlpcdFQFA,2013-10-16 13:33:32+00:00,2013,22,People & Blogs,Other,10809,32,10,2013-10
架空 緊急地震速報,H9ku0-ivuDs,【架空】「島根・山口で震度6強 津波警報」自分が夢で見た地震を再現してみた,プロトチャンネル / 防災情報,https://www.youtube.com/watch?v=H9ku0-ivuDs,2024-03-05 06:58:00+00:00,2024,24,Entertainment,Other,9511,131,22,2024-03
架空 緊急地震速報,P8entPPQSDA,とことん地震を呼び寄せる一家？ #shorts #猫ミーム,架空鉄道TOYAMA,https://www.youtube.com/watch?v=P8entPPQSDA,2025-01-19 10:00:11+00:00,2025,22,People & Blogs,Other,10195,182,6,2025-01
架空 緊急地震速報,4ohEMw8xMkQ,[架空]ウルトラテレビジョン茨城　地震速報テロップ,UltraTelevision,https://www.youtube.com/watch?v=4ohEMw8xMkQ,2011-02-20 12:30:23+00:00,2011,24,Entertainment,Other,7376,12,1,2011-02
架空 緊急地震速報,lzkLoMNJiWI,NHK津波警報＜架空報道仕様＞,防災減災1ch,https://www.youtube.com/watch?v=lzkLoMNJiWI,2022-02-15 08:43:43+00:00,2022,23,Comedy,Other,7330,72,7,2022-02
架空 緊急地震速報,iJi0ZQnrWZw,[架空]　ＯＮＮ地震速報,hironobu1995,https://www.youtube.com/watch?v=iJi0ZQnrWZw,2009-05-26 10:36:11+00:00,2009,24,Entertainment,Other,7025,12,2,2009-05
架空 緊急地震速報,Gpu1XrqUQx0,【架空】緊急警報放送　試験信号,防災減災1ch,https://www.youtube.com/watch?v=Gpu1XrqUQx0,2020-04-26 07:33:54+00:00,2020,22,People & Blogs,Other,6207,82,4,2020-04
架空 緊急地震速報,wmjpC1nE3-8,東南海巨大地震シュミレーション【架空民放放送局】訂正,防災減災1ch,https://www.youtube.com/watch?v=wmjpC1nE3-8,2020-02-23 01:51:49+00:00,2020,22,People & Blogs,Other,6178,57,5,2020-02
架空 緊急地震速報,Je43W_hk69A,"【緊急制作】三陸沖で巨大地震が起きたら？ ""深夜の大津波警報""をシミュレーション",防災Project,https://www.youtube.com/watch?v=Je43W_hk69A,2026-06-29 12:34:13+00:00,2026,27,Education,Other,4721,97,11,2026-06
架空 緊急地震速報,_oeysRF-8E4,【架空】緊急地震速報の後の放送,Urawaeki Daisuki channel,https://www.youtube.com/watch?v=_oeysRF-8E4,2014-04-03 10:14:29+00:00,2014,25,News & Politics,Other,4312,26,1,2014-04
架空 緊急地震速報,BQqBe0HQBfA,【地震模拟/東京直下】東京湾7.5级强震模拟（架空）。#eew #緊急地震速報 #地震 #地震防災 #地震预警 #日本地震 ,YeMuBaiLi,https://www.youtube.com/watch?v=BQqBe0HQBfA,2026-06-25 04:28:18+00:00,2026,22,People & Blogs,Other,4904,46,3,2026-06
架空 緊急地震速報,vI9jjuGFOG4,【猫ミーム】緊急地震速報のIPF法とPLUM法の違い#shorts,架空鉄道TOYAMA,https://www.youtube.com/watch?v=vI9jjuGFOG4,2025-01-10 10:15:12+00:00,2025,22,People & Blogs,Other,3525,86,6,2025-01
架空 緊急地震速報,OqCluj7gUjw,【地震模拟/巨大地震】模拟日向灘8.5級地震（架空）。 #地震#緊急地震速報#地震预警#南海海槽#EEW,YeMuBaiLi,https://www.youtube.com/watch?v=OqCluj7gUjw,2026-06-24 08:22:07+00:00,2026,22,People & Blogs,Other,2875,35,0,2026-06
架空 緊急地震速報,yEKuyn51Pkc,【架空】2021年11月01日　選挙結果ニュース中に緊急地震速報発表,マロニエテレビ【架空放送局】,https://www.youtube.com/watch?v=yEKuyn51Pkc,2021-11-02 10:00:20+00:00,2021,17,Sports,Other,1939,19,3,2021-11
架空 緊急地震速報,dOKZiKQ3XJY,緊急地震速報 岩手沖で地震 青森で震度6強 発生時の様子,さんどるぴん,https://www.youtube.com/watch?v=dOKZiKQ3XJY,2026-06-25 10:56:46+00:00,2026,10,Music,Other,2473,20,1,2026-06
架空 緊急地震速報,sYZY88fwEyM,[架空放送局] 12/28 緊急地震速報から臨時ニュース  再投稿,RTV 琉球テレビ[架空放送局],https://www.youtube.com/watch?v=sYZY88fwEyM,2026-01-02 16:41:41+00:00,2026,22,People & Blogs,Other,966,10,0,2026-01
架空 緊急地震速報,xPr3qDZ53wA,（架空）ポート・カリ沖でマグニチュード6.2の地震が発生しました。震源の深さは32kmです。 #緊急地震速報,EEWフェイク,https://www.youtube.com/watch?v=xPr3qDZ53wA,2026-06-27 13:53:14+00:00,2026,24,Entertainment,Other,1583,9,0,2026-06
架空 緊急地震速報,l_cRK7qd6Iw,架空放送局 地震情報シュミレーション,からあげ,https://www.youtube.com/watch?v=l_cRK7qd6Iw,2020-12-29 11:43:04+00:00,2020,22,People & Blogs,Other,545,8,6,2020-12
架空 緊急地震速報,kGXSfSHe92U,【架空放送局】SBHニュース おはよう茨城 (2026年4月1日),しょうすけ,https://www.youtube.com/watch?v=kGXSfSHe92U,2026-04-01 14:34:36+00:00,2026,24,Entertainment,Other,529,13,0,2026-04
架空 緊急地震速報,Gy7aRJJ9Fuk,[架空放送局]テレテレパシー中に熊本で震度7→newsツナガル臨時拡大(報道特別番組)まで,HKT 兵庫県民テレビ [架空放送局],https://www.youtube.com/watch?v=Gy7aRJJ9Fuk,2026-08-02 14:28:48+00:00,2026,22,People & Blogs,Other,549,10,0,2026-08
架空 緊急地震速報,VYQnM_gzXeA,架空の南海トラフ巨大地震の前震という設定で緊急地震速報作ってみた,ただの日本人,https://www.youtube.com/watch?v=VYQnM_gzXeA,2022-07-05 05:17:01+00:00,2022,20,Gaming,Other,503,10,3,2022-07
架空 緊急地震速報,mAetb_VnCl8,[架空放送局]HKT news FLASH 県内で震度3の地震,HKT 兵庫県民テレビ [架空放送局],https://www.youtube.com/watch?v=mAetb_VnCl8,2026-03-26 12:56:29+00:00,2026,22,People & Blogs,Other,507,4,0,2026-03
架空 緊急地震速報,hffErgONq4E,【架空放送局】5月4日22時07分地震発生時のCKTテレビ,CKT 千葉県民テレビ【架空放送局】,https://www.youtube.com/watch?v=hffErgONq4E,2020-05-05 04:52:25+00:00,2020,22,People & Blogs,Other,496,3,0,2020-05
架空 地震速報,XQKQ-xriKRs,夢で見た地震を再現してみた。,こうりょう,https://www.youtube.com/watch?v=XQKQ-xriKRs,2023-01-01 06:45:00+00:00,2023,28,Science & Technology,Other,1471674,22697,1292,2023-01
架空 地震速報,sMARIvyR0ms,[架空]LTV地震速報,Lilywhite700,https://www.youtube.com/watch?v=sMARIvyR0ms,2010-11-23 09:43:38+00:00,2010,25,News & Politics,Other,5263,6,1,2010-11
架空 地震速報,d4EX2L3ZwEY,（架空）カリおよびハンプシャーの沖合でマグニチュード7.6の地震が発生しました。震源の深さは10kmです。大津波警報が発表されました。 #緊急地震速報 #津波警報,EEWフェイク,https://www.youtube.com/watch?v=d4EX2L3ZwEY,2026-06-27 22:00:15+00:00,2026,24,Entertainment,Other,1082,6,0,2026-06
架空 地震速報,jsy1vtztJ10,【架空放送局】SBH緊急地震速報・臨時ニュース (2026年8月23日),しょうすけ,https://www.youtube.com/watch?v=jsy1vtztJ10,2026-08-29 14:48:11+00:00,2026,24,Entertainment,Other,213,9,0,2026-08
架空 地震速報,smUyWEA6T6g,千葉県冬優市(架空都市)10時00分「緊急地震速報の訓練放送」,フユちゃん寝る【推しの子4期待機中】,https://www.youtube.com/watch?v=smUyWEA6T6g,2022-11-17 07:20:41+00:00,2022,22,People & Blogs,Other,157,4,2,2022-11
架空 地震速報,p5CvGJQe67A,【架空】【緊急地震速報】豊川鉄道クラブ地震M5.1,はやぶさ23,https://www.youtube.com/watch?v=p5CvGJQe67A,2026-05-17 04:54:26+00:00,2026,24,Entertainment,Other,123,2,0,2026-05
架空 地震速報,1lvKD7ZznX0,架空芸人 座木低志 地震速報にビビる #架空芸人 #立花孝志 #地震速報 #お金 #お笑い,架空芸人チャンネル,https://www.youtube.com/watch?v=1lvKD7ZznX0,2025-11-09 09:42:09+00:00,2025,22,People & Blogs,Other,20,1,0,2025-11
架空 地震速報,Mtq9lll1ICg,架空芸人 座木低志 地震速報にビビる #架空芸人 #立花孝志 #地震速報 #お金 #お笑い,架空芸人チャンネル,https://www.youtube.com/watch?v=Mtq9lll1ICg,2025-11-09 09:42:25+00:00,2025,22,People & Blogs,Other,11,0,0,2025-11
架空 地震速報,irH5CaNPeec,架空芸人 座木低志 地震速報にビビる #架空芸人 #立花孝志 #地震速報 #お金 #お笑い,架空芸人チャンネル,https://www.youtube.com/watch?v=irH5CaNPeec,2025-11-09 09:42:42+00:00,2025,22,People & Blogs,Other,5,0,0,2025-11
架空 地震速報,QA8MZkDDE9k,架空芸人 座木低志 地震速報にビビる #架空芸人 #立花孝志 #地震速報 #お金 #お笑い,架空芸人チャンネル,https://www.youtube.com/watch?v=QA8MZkDDE9k,2025-11-09 09:41:58+00:00,2025,22,People & Blogs,Other,7,0,0,2025-11
地震 再現,JmDRvwMGhiY,【2ch面白いスレ】地震が起きた時の反応の違い【2chショート】,2chスレ博物館,https://www.youtube.com/watch?v=JmDRvwMGhiY,2022-04-28 11:00:07+00:00,2022,23,Comedy,Other,17923938,481861,10499,2022-04
地震 再現,nITp4GjBDog,🇯🇵と🇺🇸の違い「地震の反応 #最短最速スクールAitem #英会話 #trending #英語学習者,Tyler&Yuta🔴笑って学べる英会話Aitem,https://www.youtube.com/watch?v=nITp4GjBDog,2022-10-05 12:22:54+00:00,2022,22,People & Blogs,Other,19334339,390675,8394,2022-10
地震 再現,cSEdTDCN_V4,津波実験のための事前実験,室戸ユネスコ世界ジオパーク / Muroto UNESCO Global Geopark,https://www.youtube.com/watch?v=cSEdTDCN_V4,2013-05-15 09:02:49+00:00,2013,29,Nonprofits & Activism,Other,17078362,132774,2752,2013-05
地震 再現,le7XUFQ2mi8,震度７を体験したらヤバすぎた…【地震に備えよう】,HikakinTV,https://www.youtube.com/watch?v=le7XUFQ2mi8,2018-04-27 08:00:08+00:00,2018,24,Entertainment,Other,13023804,122789,12942,2018-04
地震 再現,fMz_D8ffJuc,地震体験🫨震度7でこんな感じ😱掴まっていないと立ってられない！,BCちゃんねる,https://www.youtube.com/watch?v=fMz_D8ffJuc,2024-08-16 04:51:26+00:00,2024,22,People & Blogs,Other,6576550,151979,2121,2024-08
地震 再現,3p7xwJq429w,津波防災啓発ビデオ「津波からにげる」,気象庁/JMA,https://www.youtube.com/watch?v=3p7xwJq429w,2020-03-25 03:27:10+00:00,2020,25,News & Politics,Other,3934768,0,0,2020-03
地震 再現,RquHWVOJZ9k,緊急地震速報の作り方 #shorts,Nanaki Piano,https://www.youtube.com/watch?v=RquHWVOJZ9k,2023-08-10 07:00:09+00:00,2023,10,Music,Other,4030675,92942,1008,2023-08
地震 再現,qW3NSJ_2yDY,実際の大地震をそのまま再現した地震シミュレーター 🫨,ر,https://www.youtube.com/watch?v=qW3NSJ_2yDY,2025-12-25 04:00:53+00:00,2025,22,People & Blogs,Other,6540977,63883,528,2025-12
地震 再現,mJwA9xBnM7c,【史上最悪】1923年9月1日 関東大震災を再現してみた,クライシスTV,https://www.youtube.com/watch?v=mJwA9xBnM7c,2020-08-28 11:42:01+00:00,2020,27,Education,Other,2988449,14491,1706,2020-08
地震 再現,WgPzOAbGpKs,"これでもあなたは""大丈夫""と言えますか？ #津波 #地震",アシタクル,https://www.youtube.com/watch?v=WgPzOAbGpKs,2023-10-14 10:36:09+00:00,2023,22,People & Blogs,Other,3047628,58393,1349,2023-10
地震 再現,eKp5cA2sM28,2011年の日本の地震 分布図 Japan earthquakes 2011 Visualization map (2012-01-01),StoryMonoroch,https://www.youtube.com/watch?v=eKp5cA2sM28,2012-01-02 21:43:11+00:00,2012,28,Science & Technology,Other,2305283,14996,1406,2012-01
地震 再現,lbZHepg-3NM,【東日本大震災】当時発生した余震や津波、政府や各省庁の動きをリアルタイムで振り返る,よほ推しch【切り抜き】,https://www.youtube.com/watch?v=lbZHepg-3NM,2024-03-10 10:03:37+00:00,2024,24,Entertainment,Other,2150233,12796,608,2024-03
地震 再現,dHshzo1Wi1o,【日本沈没】地震のありがたみ,hikkaaa / ひっかー,https://www.youtube.com/watch?v=dHshzo1Wi1o,2022-08-06 07:06:02+00:00,2022,20,Gaming,Other,2280789,0,2323,2022-08
地震 再現,2q9lXV33m-w,日本で起きた地震を全て可視化してみた（東日本大震災・熊本地震…）,クライシスTV,https://www.youtube.com/watch?v=2q9lXV33m-w,2020-10-03 12:15:00+00:00,2020,27,Education,Other,2007303,12391,1612,2020-10
地震 再現,WwGY9rCeMgM,【実験】どんな建物が危険なのか…“地震の種類”と“建物の高さ”の関係を検証#shorts,東海テレビ ニュースONE,https://www.youtube.com/watch?v=WwGY9rCeMgM,2026-07-02 08:45:16+00:00,2026,25,News & Politics,Other,3787918,17844,0,2026-07
地震 再現,i0ypHWZZduw,【津波速報】千葉県銚子市 カムチャツカ半島沖地震,たぬつり【釣りCH】,https://www.youtube.com/watch?v=i0ypHWZZduw,2025-07-30 03:31:10+00:00,2025,26,Howto & Style,Other,3312488,13525,350,2025-07
地震 再現,dcBas2U8E9o,世界の津波の高さ比較 #地震 #地球 #宇宙,はじめ_宇宙動画,https://www.youtube.com/watch?v=dcBas2U8E9o,2024-12-06 08:58:42+00:00,2024,27,Education,Other,1724806,42033,727,2024-12
地震 再現,JOe3KYakJz8,緊急地震速報の音を再現,Hidehiko Kume,https://www.youtube.com/watch?v=JOe3KYakJz8,2007-09-03 13:12:36+00:00,2007,22,People & Blogs,Other,1368828,2796,303,2007-09
地震 再現,FGpG1_uGyto,"【パニック】M7.3の地震発生！""リアル防災訓練""でアナウンサーたちが学ぶ防災『every.特集』",日テレNEWS,https://www.youtube.com/watch?v=FGpG1_uGyto,2023-09-01 10:13:10+00:00,2023,25,News & Politics,Other,1183929,3662,121,2023-09
地震 再現,tey75gVv8Cc,「令和６年能登半島地震」最大震度７　M7.6　2024/01/01（16：06）,株式会社ティーファイブプロジェクト,https://www.youtube.com/watch?v=tey75gVv8Cc,2024-01-01 12:23:23+00:00,2024,27,Education,Other,1058729,0,600,2024-01
地震 再現,zNtHfMaViJk,巨大地震ランキング #震災 #311,津田沼鉄雄,https://www.youtube.com/watch?v=zNtHfMaViJk,2022-11-28 15:55:46+00:00,2022,22,People & Blogs,Other,1160629,11655,683,2022-11
地震 再現,9C0El2evQHY,あなたは何階に住んでいますか？　１階は震度５強でも１０階では震度７!?　高層ビルの危険を実験で検証,CBCニュース【CBCテレビ公式】,https://www.youtube.com/watch?v=9C0El2evQHY,2022-03-16 12:59:14+00:00,2022,25,News & Politics,Other,916456,4651,458,2022-03
地震 再現,z6H6OyzoYyw,ヒカキンが何かすると地震起こる説　#ヒカキン #地震 #hikakin,ファイ,https://www.youtube.com/watch?v=z6H6OyzoYyw,2026-07-10 13:17:49+00:00,2026,20,Gaming,Other,1681707,25786,1245,2026-07
地震 再現,rZ4himTqV9w,【実話】南海トラフ地震に巻き込まれた子供の末路が悲惨すぎる…#shorts #ティアロ疾風伝 #末路 #南海トラフ #予言,ティアロ疾風伝,https://www.youtube.com/watch?v=rZ4himTqV9w,2025-07-05 09:55:00+00:00,2025,24,Entertainment,Other,1189676,14259,283,2025-07
地震 再現,pkHa7x2NTjk,【令和6年能登半島地震】石川県能登地方 最大震度7 最大階級4 M7.6 + 余震 2024/01/01 16:10~,Scratch動作チェック用,https://www.youtube.com/watch?v=pkHa7x2NTjk,2024-01-06 12:27:51+00:00,2024,22,People & Blogs,Other,760847,0,364,2024-01
地震 MAD,5zgYxdTVfXw,この出来事は本当に辛い...#感動 #地震 #shorts,トムのエサ,https://www.youtube.com/watch?v=5zgYxdTVfXw,2026-06-25 12:14:35+00:00,2026,22,People & Blogs,Other,18365545,258655,4205,2026-06
地震 MAD,Sr6eFwErBwc,MAD東日本大震災支援すすめウルトラマンゼロ,45789981SEVEN,https://www.youtube.com/watch?v=Sr6eFwErBwc,2011-08-24 06:51:46+00:00,2011,1,Film & Animation,Other,1471941,6081,291,2011-08
地震 MAD,6Zzu12tCDVM,【AMV/MAD】すずめの戸締まり×GASSHOW【illion】【セリフ入り】,mignico,https://www.youtube.com/watch?v=6Zzu12tCDVM,2023-10-20 11:00:09+00:00,2023,1,Film & Animation,Other,1272908,15183,178,2023-10
地震 MAD,EXP0FCsaYoI,緊急地震速報 3つ同時発令,ゆーひ,https://www.youtube.com/watch?v=EXP0FCsaYoI,2011-03-19 10:03:48+00:00,2011,22,People & Blogs,Other,1072112,3579,357,2011-03
地震 MAD,5R4zjGC1H64,WANIMA「りんどう」【熊本地震】,シーサー,https://www.youtube.com/watch?v=5R4zjGC1H64,2020-10-03 17:23:08+00:00,2020,10,Music,Other,838533,4646,239,2020-10
地震 MAD,6B9ZQnZtTAw,今度こそ私は逃げない＿。#創作 #漫画 #津波 #地震 #イラスト動画 #earthquake #tsunami #fyp,おおちゃみ ,https://www.youtube.com/watch?v=6B9ZQnZtTAw,2025-06-20 09:00:12+00:00,2025,22,People & Blogs,Other,1707960,25460,188,2025-06
地震 MAD,cCbaXTVtQcQ,東日本大震災から今年で15年。,田口山田【公認】,https://www.youtube.com/watch?v=cCbaXTVtQcQ,2023-03-10 21:15:10+00:00,2023,27,Education,Other,799806,18037,454,2023-03
地震 MAD,FxhIKDx_Hu4,【東日本大震災】GASSHOW【閲覧注意】,あま,https://www.youtube.com/watch?v=FxhIKDx_Hu4,2021-10-08 12:56:34+00:00,2021,22,People & Blogs,Other,620552,6564,650,2021-10
地震 MAD,gz_0gMGrrTs,最終鬼畜熊ワホーンドール・S【音MAD】,Hinaten,https://www.youtube.com/watch?v=gz_0gMGrrTs,2026-05-03 13:00:28+00:00,2026,10,Music,Other,559268,29521,1049,2026-05
地震 MAD,4Kvyp7bXWRA,最終鬼畜地震速報なまずさま・Ｋ,Jene X,https://www.youtube.com/watch?v=4Kvyp7bXWRA,2009-03-17 08:57:44+00:00,2009,24,Entertainment,Other,544019,7673,47,2009-03
地震 MAD,6zcPQpcbHQc,ありがとう！熊本地震　自衛隊・警察・DMAT・緊急消防援助隊・ライフライン,消防熊本1,https://www.youtube.com/watch?v=6zcPQpcbHQc,2016-05-08 10:02:28+00:00,2016,25,News & Politics,Other,398437,0,209,2016-05
地震 MAD,7qOnZhfyzGM,【ゆゆうたMAD】†地震は伝説　コンクリレイディオ †,豚カル,https://www.youtube.com/watch?v=7qOnZhfyzGM,2026-01-04 14:02:09+00:00,2026,22,People & Blogs,Other,315309,2911,731,2026-01
地震 MAD,mEVizFs5sZQ,ありがとう、自衛隊～東日本大震災の記録,MrShin12345678,https://www.youtube.com/watch?v=mEVizFs5sZQ,2012-06-23 09:51:46+00:00,2012,22,People & Blogs,Other,276339,2401,219,2012-06
地震 MAD,dkeA52YDuwQ,ジョジョで学ぶ地震対策【ジョジョMAD】,あらぐま,https://www.youtube.com/watch?v=dkeA52YDuwQ,2024-08-30 10:00:41+00:00,2024,1,Film & Animation,Other,252915,8336,271,2024-08
地震 MAD,VTi9eixEWXk,『見る前に概要欄』　緊急地震速報vsヒカキン ボイパ対決 Bad Apple!!,ミツオ,https://www.youtube.com/watch?v=VTi9eixEWXk,2016-07-05 03:04:51+00:00,2016,22,People & Blogs,Other,241129,1814,444,2016-07
地震 MAD,NPa7yqHAWYQ,令和8年熊本地震「震度7」発生の瞬間NHK（2026年7月28日午後4時27分頃）,地震報道アーカイブch,https://www.youtube.com/watch?v=NPa7yqHAWYQ,2026-07-28 11:44:51+00:00,2026,22,People & Blogs,Other,311043,2354,86,2026-07
地震 MAD,RcasLrpq8GM,【熊本地震復興応援】 tomorrow,maiko chita,https://www.youtube.com/watch?v=RcasLrpq8GM,2017-03-26 12:52:40+00:00,2017,22,People & Blogs,Other,141937,924,128,2017-03
地震 MAD,VWdsk8xftyY,【可視化】熊本県・熊本県周辺で起きた地震まとめ（2026/07/28 10:00〜7/29 19:05時点）#おすすめ #可視化 #地震 #熊本 #比較 #防災 #youtube #short#伸びろ,よしらぶ,https://www.youtube.com/watch?v=VWdsk8xftyY,2026-07-29 10:50:19+00:00,2026,22,People & Blogs,Other,259229,1586,99,2026-07
地震 MAD,6lxORPJnRSg,(自衛隊MAD)「たった一つの想い」被災地の最前線,MADOSEN 989,https://www.youtube.com/watch?v=6lxORPJnRSg,2016-05-08 15:05:21+00:00,2016,22,People & Blogs,Other,116553,1266,166,2016-05
地震 MAD,K38GRL6UhuM,【ネタバレ注意MAD】東京マグニチュード8.0【一番の宝物】,あ,https://www.youtube.com/watch?v=K38GRL6UhuM,2023-09-13 14:01:51+00:00,2023,22,People & Blogs,Other,109978,3437,101,2023-09
地震 MAD,5OagYxCcNQQ,【東日本大震災】~あれから10年~りんどう/WANIMA,a0kim0uzyuguy,https://www.youtube.com/watch?v=5OagYxCcNQQ,2021-02-18 11:56:35+00:00,2021,22,People & Blogs,Other,94972,647,34,2021-02
地震 MAD,HbyBOpOOiz4,MAD PG補完計畫-我要用3倍價買回20年前MAD代工作品-1/60PG GP01鋼彈!附贈噴筆夢幻薄噴技法教學!! #地震影片回應,MADWORKS,https://www.youtube.com/watch?v=HbyBOpOOiz4,2024-04-13 13:00:25+00:00,2024,1,Film & Animation,Other,79736,2715,244,2024-04
地震 MAD,fqRLTnC7w6g,3.11を忘れない【MAD】GASSHOW※注意、津波の映像が流れます。,北村お愼さん,https://www.youtube.com/watch?v=fqRLTnC7w6g,2021-03-11 10:41:09+00:00,2021,22,People & Blogs,Other,75785,1063,90,2021-03
地震 MAD,gmZ6zJbJPNQ,※閲覧注意　東日本大震災MAD 「GASSHOW」#震災 #東日本大震災　#GASSHOW,ミイラギ,https://www.youtube.com/watch?v=gmZ6zJbJPNQ,2022-11-15 15:43:48+00:00,2022,22,People & Blogs,Other,60598,486,69,2022-11
地震 MAD,6r6SndmXeew,ジョジョ5部処刑用BGM地震,中野三玖,https://www.youtube.com/watch?v=6r6SndmXeew,2019-09-02 11:35:09+00:00,2019,22,People & Blogs,Other,71849,2290,43,2019-09
地震 MAD,-RtkL_mN8ns,【東日本大震災MAD】夜に駆ける×地震,ゆく綿,https://www.youtube.com/watch?v=-RtkL_mN8ns,2020-09-20 03:00:21+00:00,2020,22,People & Blogs,Other,31781,209,623,2020-09
地震 MAD,NOpQGhRM3oc,【拾い動画】(MAD) RED ZONE 「NHK ZONE」,瀬戸川 優冬,https://www.youtube.com/watch?v=NOpQGhRM3oc,2018-02-12 11:52:05+00:00,2018,24,Entertainment,Other,27621,380,37,2018-02
地震 MAD,8EMxOwJGTdQ,緊急地震速報の「赤テロップ」とは？なぜ音が怖いのか？さまざまなギモンを徹底解説,プロトチャンネル / 防災情報,https://www.youtube.com/watch?v=8EMxOwJGTdQ,2022-11-06 15:00:05+00:00,2022,24,Entertainment,Other,23491,322,25,2022-11
地震 MAD,vdGfm3PDIME,緊急地震速報 は犯罪です。【MAD】,Histogram,https://www.youtube.com/watch?v=vdGfm3PDIME,2014-10-13 05:07:43+00:00,2014,10,Music,Other,16801,124,27,2014-10
地震 MAD,0lS6xSrqLO4,【コメ付き】もしも北朝鮮が緊急地震速報システムを導入していたら,チャンネルUP,https://www.youtube.com/watch?v=0lS6xSrqLO4,2017-09-19 07:05:30+00:00,2017,22,People & Blogs,Other,13962,278,25,2017-09
地震 MAD,QbMkAOaA5y8,緊急地震速報なまずさま・K ほぼ全コメント付き,ニコニコ動画保管庫,https://www.youtube.com/watch?v=QbMkAOaA5y8,2023-08-10 17:15:16+00:00,2023,22,People & Blogs,Other,9847,204,23,2023-08
地震 MAD,P7g5jpANgkM,[MAD]3.11 東日本大震災・原子力発電所事故   「人知れず戦った者達」〜未来への咆哮・アンインストール〜,もっちり饅頭,https://www.youtube.com/watch?v=P7g5jpANgkM,2018-03-11 05:47:48+00:00,2018,22,People & Blogs,Other,7820,82,24,2018-03
地震 MAD,UZIgXcbjCkw,【東日本大震災・自衛隊MAD】チェリー,NERISU channel,https://www.youtube.com/watch?v=UZIgXcbjCkw,2019-03-10 15:36:44+00:00,2019,22,People & Blogs,Other,5922,67,5,2019-03
地震 MAD,byH7LUkd67I,[地震MAD]あの頃を忘れてはいけない、3.11,ヒロトの編集部屋,https://www.youtube.com/watch?v=byH7LUkd67I,2023-08-24 12:32:38+00:00,2023,22,People & Blogs,Other,3526,17,3,2023-08
地震 MAD,3KoozjMBBDc,[四川大地震賑災MAD] HERO [獻給所有戰鬥著的人],grayhai,https://www.youtube.com/watch?v=3KoozjMBBDc,2008-05-17 05:43:22+00:00,2008,10,Music,Other,2850,13,1,2008-05
地震 MAD,OjeowCOL0HU,『日本の復興』東北地方太平洋沖地震復興支援動画MAD,mrkanochs,https://www.youtube.com/watch?v=OjeowCOL0HU,2011-03-15 03:42:37+00:00,2011,25,News & Politics,Other,2683,12,2,2011-03
地震 MAD,Z9p7pnjdBf0,【MAD】地震・雷・火事・俺だ,gmailアカウント,https://www.youtube.com/watch?v=Z9p7pnjdBf0,2022-03-26 16:51:25+00:00,2022,24,Entertainment,Other,1782,38,2,2022-03
地震 MAD,uPy6HT4EEWo,【音MAD】冥 (緊急地震速報) 13秒から本編,cultest,https://www.youtube.com/watch?v=uPy6HT4EEWo,2021-04-03 03:00:57+00:00,2021,1,Film & Animation,Other,1189,7,2,2021-04
地震 MAD,F4jM-bxAK9c,東日本大震災MAD  ONE OK ROCK  be the light  今だからこそ改めて思い出して頂きたい,jion hoshina,https://www.youtube.com/watch?v=F4jM-bxAK9c,2021-10-11 14:15:51+00:00,2021,22,People & Blogs,Other,1016,12,0,2021-10
地震 MAD,ZLO35hwMM4w,地震大丈夫でしたか？ #mad #プロセカ #プロセカmad #テンプレ使用,MAFIA,https://www.youtube.com/watch?v=ZLO35hwMM4w,2024-01-04 07:49:47+00:00,2024,22,People & Blogs,Other,373,6,0,2024-01
地震 MAD,cfmtznfXPH0,聊聊Mad事 EP9：403花東地震引發都更危老討論！專家解析兩者不同，提醒稅務問題和投資風險！,聊聊mad事,https://www.youtube.com/watch?v=cfmtznfXPH0,2025-03-17 17:30:08+00:00,2025,27,Education,Other,110,7,1,2025-03
地震 MAD,SDSFotiVBNo,Valkyrie Dimension (緊急地震速報音mad),男MAN,https://www.youtube.com/watch?v=SDSFotiVBNo,2026-08-16 10:05:50+00:00,2026,22,People & Blogs,Other,44,1,1,2026-08
地震 MAD,g-MWINfz1H0,LAB(緊急地震速報音mad),男MAN,https://www.youtube.com/watch?v=g-MWINfz1H0,2026-08-16 10:02:14+00:00,2026,22,People & Blogs,Other,39,1,0,2026-08
緊急地震速報 再現,JfT2a4j6jN4,緊急地震速報の音はなぜ怖く感じるのか？,Nanaki Piano,https://www.youtube.com/watch?v=JfT2a4j6jN4,2020-03-01 08:00:08+00:00,2020,10,Music,Other,11664072,94369,3689,2020-03
緊急地震速報 再現,q_aQRanHjdY,過去の津波警報を全て集めてみた（1953年〜2022年）,クライシスTV,https://www.youtube.com/watch?v=q_aQRanHjdY,2022-03-23 12:45:02+00:00,2022,27,Education,Other,2015549,14391,1578,2022-03
緊急地震速報 再現,PEdMx4JxqYM,地震 警報 ヤバい 人生終了 怖い 恐怖 避難 防災 災害,五味玲音,https://www.youtube.com/watch?v=PEdMx4JxqYM,2021-02-14 03:00:23+00:00,2021,22,People & Blogs,Other,2537302,31554,1723,2021-02
緊急地震速報 再現,XdNFsiCtHAo,【改訂版】火災報知器の音 再現 #Shorts #ピアノ,Rei Ray,https://www.youtube.com/watch?v=XdNFsiCtHAo,2025-04-18 13:50:59+00:00,2025,22,People & Blogs,Other,3833517,43971,361,2025-04
緊急地震速報 再現,wEgNaz4sQJ4,JQuake - 東日本大震災,JQuake,https://www.youtube.com/watch?v=wEgNaz4sQJ4,2021-03-11 02:09:25+00:00,2021,28,Science & Technology,Other,1396799,7815,697,2021-03
緊急地震速報 再現,DvzXJG6Mgc8,地震が来た時に温度差がある家族（Instagramリール動画 160万再生）LIVE瞬間映像 Japanese earthquake 回転寿司で緊急地震速報 #shorts,こくぶちゃんねる-國分信宏,https://www.youtube.com/watch?v=DvzXJG6Mgc8,2022-11-09 13:10:49+00:00,2022,22,People & Blogs,Live,1695162,16326,374,2022-11
緊急地震速報 再現,fwVYOo0g2g4,すぐ弾ける！ピアノ効果音【緊急アラートのあの音】#ピアノ効果音 #ピアノ初心者 #ピアノ#ピアノ弾いてみた #すぐ弾けるピアノ #すぐ弾ける #効果音 #緊急アラート#緊急速報 #緊急地震速報,まよピアノ,https://www.youtube.com/watch?v=fwVYOo0g2g4,2022-10-02 12:08:20+00:00,2022,22,People & Blogs,Other,1607168,7906,169,2022-10
緊急地震速報 再現,dlfT1cGWDvU,緊急地震速報がなった時のアメリカ人の反応が意外すぎた... #shorts,バカイト【Bakaito】,https://www.youtube.com/watch?v=dlfT1cGWDvU,2025-04-19 12:16:42+00:00,2025,22,People & Blogs,Other,1577474,16502,268,2025-04
緊急地震速報 再現,3dP9y4ECuD0,緊急地震速報の音を作った音楽家　「パニックになる」と却下されたバージョンも公開,朝日新聞,https://www.youtube.com/watch?v=3dP9y4ECuD0,2026-06-15 05:25:02+00:00,2026,25,News & Politics,Other,904466,14821,933,2026-06
緊急地震速報 再現,YgjSsxhF5Ko,震度7を観測した地震#shorts #地震 #震度7,まな【2000人目標】,https://www.youtube.com/watch?v=YgjSsxhF5Ko,2023-01-04 11:48:03+00:00,2023,24,Entertainment,Other,744358,0,389,2023-01
地震速報 架空,HL2o6u2CL6U,【2022年版】もしも「君の名は」が実在したら...【NHKニュース・Jアラートシミュレーション】,abver09,https://www.youtube.com/watch?v=HL2o6u2CL6U,2022-09-24 05:31:12+00:00,2022,1,Film & Animation,Other,1075998,14710,1143,2022-09
地震速報 架空,BqExq9UW5OI,【想定】日奈久断層帯地震／八代海区間（地震シミュレーション）熊本県で震度6強／解説付き #みん防,みんなで創る防災・減災,https://www.youtube.com/watch?v=BqExq9UW5OI,2025-03-29 03:05:39+00:00,2025,29,Nonprofits & Activism,Other,256469,2270,240,2025-03
地震速報 架空,7jnlESHA3AM,【想定】上町断層帯地震（地震シミュレーション）大阪で震度7／解説付き（リメイク版）,みんなで創る防災・減災,https://www.youtube.com/watch?v=7jnlESHA3AM,2024-10-26 03:04:24+00:00,2024,29,Nonprofits & Activism,Other,189726,1416,132,2024-10
地震速報 架空,HSqnTwQWDXE,【想定】塩沢断層帯地震（地震シミュレーション）山梨で震度7／解説付き,みんなで創る防災・減災,https://www.youtube.com/watch?v=HSqnTwQWDXE,2023-02-04 03:00:04+00:00,2023,29,Nonprofits & Activism,Other,112766,1136,103,2023-02
